{
  "hash": "ff39b0ffc9af6b09705500776100d855",
  "result": {
    "engine": "knitr",
    "markdown": "---\ntitle: Data cleaning and analysis\ndescription: Screening and filtering data from the IGN catalog down to the relevant events for La Palma\nauthors:\n  - name: Francis Banville\n    orcid: 0000-0001-9051-0597\n---\n\n\n::: {.cell}\n\n```{.r .cell-code .hidden}\n#| label: x\n1+1+1+1+1\n```\n\n::: {.cell-output .cell-output-stdout}\n\n```\n[1] 5\n```\n\n\n:::\n:::\n\n\n",
    "supporting": [
      "01_an_files"
    ],
    "filters": [
      "rmarkdown/pagebreak.lua"
    ],
    "includes": {},
    "engineDependencies": {},
    "preserve": null,
    "postProcess": false
  }
}