{
  "hash": "d5d932ab1c35a76f3694a1edaae41962",
  "result": {
    "engine": "knitr",
    "markdown": "---\ntitle: Data cleaning and analysis\ndescription: Screening and filtering data from the IGN catalog down to the relevant events for La Palma\nauthors:\n  - name: Francis Banville\n    orcid: 0000-0001-9051-0597\n---\n\n\n::: {.cell}\n\n```{.r .cell-code .hidden}\nx = 1+1+1\n```\n:::\n",
    "supporting": [],
    "filters": [
      "rmarkdown/pagebreak.lua"
    ],
    "includes": {},
    "engineDependencies": {},
    "preserve": null,
    "postProcess": false
  }
}