<?xml version="1.0" encoding="utf-8" ?>
<!DOCTYPE article PUBLIC "-//NLM//DTD JATS (Z39.96) Journal Archiving
and Interchange DTD v1.2 20190208//EN" "JATS-archivearticle1.dtd">

<article xmlns:mml="http://www.w3.org/1998/Math/MathML" xmlns:xlink="http://www.w3.org/1999/xlink" dtd-version="1.2" article-type="other">

<front>


<article-meta>


<title-group>
<article-title>Monitoring biodiversity for human, animal, plant and
environmental health</article-title>
</title-group>

<contrib-group>
<contrib contrib-type="author" corresp="yes">
<contrib-id contrib-id-type="orcid">0000-0001-9051-0597</contrib-id>
<name>
<surname>Banville</surname>
<given-names>Francis</given-names>
</name>
<string-name>Francis Banville</string-name>

<email>francis.banville@umontreal.ca</email>
<role vocab="https://credit.niso.org" vocab-term="writing – original
draft" vocab-term-identifier="https://credit.niso.org/contributor-roles/writing-original-draft/">writing</role>
<role vocab="https://credit.niso.org" vocab-term="writing – review &amp;
editing" vocab-term-identifier="https://credit.niso.org/contributor-roles/writing-review-editing/">editing</role>
<xref ref-type="aff" rid="udem">a</xref>
<xref ref-type="corresp" rid="cor-1">&#x002A;</xref>
</contrib>
<contrib contrib-type="author">
<contrib-id contrib-id-type="orcid">0000-0001-6960-8434</contrib-id>
<name>
<surname>Carlson</surname>
<given-names>Colin</given-names>
</name>
<string-name>Colin Carlson</string-name>

<role vocab="https://credit.niso.org" vocab-term="writing – review &amp;
editing" vocab-term-identifier="https://credit.niso.org/contributor-roles/writing-review-editing/">editing</role>
<xref ref-type="aff" rid="yale">b</xref>
</contrib>
<contrib contrib-type="author">
<contrib-id contrib-id-type="orcid">0000-0001-6484-1210</contrib-id>
<name>
<surname>Velez</surname>
<given-names>Andrea Paz</given-names>
</name>
<string-name>Andrea Paz Velez</string-name>

<role vocab="https://credit.niso.org" vocab-term="writing – review &amp;
editing" vocab-term-identifier="https://credit.niso.org/contributor-roles/writing-review-editing/">editing</role>
<xref ref-type="aff" rid="udem">a</xref>
</contrib>
<contrib contrib-type="author">
<contrib-id contrib-id-type="orcid">0000-0002-0735-5184</contrib-id>
<name>
<surname>Poisot</surname>
<given-names>Timothée</given-names>
</name>
<string-name>Timothée Poisot</string-name>

<role vocab="https://credit.niso.org" vocab-term="writing – review &amp;
editing" vocab-term-identifier="https://credit.niso.org/contributor-roles/writing-review-editing/">editing</role>
<xref ref-type="aff" rid="udem">a</xref>
</contrib>
</contrib-group>
<aff id="udem">
<institution content-type="dept">Département de Sciences
Biologiques</institution>
<institution-wrap>
<institution>Université de Montréal</institution>
</institution-wrap>

<city>Montréal</city>
<state>Québec</state>
<country>Canada</country>



</aff>
<aff id="yale">
<institution content-type="dept">Yale School of Public
Health</institution>
<institution-wrap>
<institution>Yale University</institution>
</institution-wrap>

<city>New Haven</city>
<state>Connecticut</state>
<country>USA</country>



</aff>
<author-notes>
<corresp id="cor-1">francis.banville@umontreal.ca</corresp>
</author-notes>









<history></history>


<abstract>
<p>The One Health approach promotes collaboration across disciplines to
enhance the health of humans, animals, plants, and the environment. The
Quadripartite organizations, which include the Food and Agriculture
Organization of the United Nations (FAO), the United Nations Environment
Programme (UNEP), the World Organisation for Animal Health (WOAH), and
the World Health Organization (WHO), developed the One Health Joint Plan
of Action (OH JPA) to support countries in achieving One Health. This
plan consists of six action tracks, each consisting of a set of actions
for implementing One Health. By requiring knowledge on zoonotic diseases
(tracks 2 and 3), food and agriculture (track 4), antimicrobial
resistance (track 5), and environmental health (track 6), most of these
tracks directly concern biodiversity. However, there are currently no
indicators for monitoring the OH JPA. Our research examines the extent
to which all six tracks are covered by the Kunming-Montreal Global
Biodiversity Framework (KM-GBF) of the Convention on Biological
Diversity (CBD), which contains many indicators at the intersection of
biodiversity and health. We assessed (1) the link between each indicator
of the KM-GBF and human, animal, plant, and environmental health and (2)
the usability of these indicators for monitoring One Health actions. We
found that 75% of indicators are associated with health, and that a
similar proportion can be used for monitoring One Health actions.
Overall, our work aims to strengthen collaboration between the CBD
Secretariat and the Quadripartite Organizations by highlighting the need
for shared data, policy, and governance practices.</p>
</abstract>
<kwd-group kwd-group-type="author">
<kwd>biodiversity indicators</kwd>
<kwd>Kunming-Montreal Global Biodiversity Framework</kwd>
<kwd>One Health</kwd>
<kwd>One Health Joint Plan of Action</kwd>
<kwd>Quadripartite Organizations</kwd>
</kwd-group>




</article-meta>

</front>

<body>
<sec id="introduction">
  <title>Introduction</title>
</sec>
<sec id="methods">
  <title>Methods</title>
</sec>
<sec id="results-and-discussion">
  <title>Results and discussion</title>
</sec>
<sec id="conclusion">
  <title>Conclusion</title>
</sec>
</body>

<back>
</back>



</article>