<?xml version="1.0" encoding="utf-8" ?>
<!DOCTYPE article PUBLIC "-//NLM//DTD JATS (Z39.96) Journal Archiving
and Interchange DTD v1.2 20190208//EN" "JATS-archivearticle1.dtd">

<article xmlns:mml="http://www.w3.org/1998/Math/MathML" xmlns:xlink="http://www.w3.org/1999/xlink" dtd-version="1.2" article-type="other">

<front>


<article-meta>


<title-group>
<article-title>Monitoring biodiversity for human, animal, and
environmental health</article-title>
</title-group>

<contrib-group>
<contrib contrib-type="author" corresp="yes">
<contrib-id contrib-id-type="orcid">0000-0001-9051-0597</contrib-id>
<name>
<surname>Banville</surname>
<given-names>Francis</given-names>
</name>
<string-name>Francis Banville</string-name>

<email>francis.banville@umontreal.ca</email>
<xref ref-type="aff" rid="udem">a</xref>
<xref ref-type="corresp" rid="cor-1">&#x002A;</xref>
</contrib>
<contrib contrib-type="author">
<contrib-id contrib-id-type="orcid">0000-0001-6960-8434</contrib-id>
<name>
<surname>Carlson</surname>
<given-names>Colin</given-names>
</name>
<string-name>Colin Carlson</string-name>

<xref ref-type="aff" rid="yale">b</xref>
</contrib>
<contrib contrib-type="author">
<contrib-id contrib-id-type="orcid">0000-0001-6484-1210</contrib-id>
<name>
<surname>Velez</surname>
<given-names>Andrea Paz</given-names>
</name>
<string-name>Andrea Paz Velez</string-name>

<xref ref-type="aff" rid="udem">a</xref>
</contrib>
<contrib contrib-type="author">
<contrib-id contrib-id-type="orcid">0000-0002-0735-5184</contrib-id>
<name>
<surname>Poisot</surname>
<given-names>Timothée</given-names>
</name>
<string-name>Timothée Poisot</string-name>

<xref ref-type="aff" rid="udem">a</xref>
</contrib>
</contrib-group>
<aff id="udem">
<institution-wrap>
<institution>Département de sciences biologiques, Université de
Montréal</institution>
</institution-wrap>

<city>Montréal</city>
<state>Québec</state>
<country>Canada</country>



</aff>
<aff id="yale">
<institution-wrap>
<institution>Yale School of Public Health, Yale University</institution>
</institution-wrap>

<city>New Haven</city>
<state>Connecticut</state>
<country>USA</country>



</aff>
<author-notes>
<corresp id="cor-1">francis.banville@umontreal.ca</corresp>
</author-notes>









<history></history>


<abstract>
<p>..</p>
</abstract>
<kwd-group kwd-group-type="author">
<kwd>biodiversity indicators</kwd>
<kwd>One Health</kwd>
</kwd-group>




</article-meta>

</front>

<body>
<sec id="introduction">
  <title>Introduction</title>
  <p>Test10</p>
</sec>
<sec id="methods">
  <title>Methods</title>
  <p>Test11</p>
</sec>
</body>

<back>
</back>



</article>