{
  "hash": "678cbae5ed1e50ef2ac371d581359817",
  "result": {
    "engine": "knitr",
    "markdown": "---\ntitle: Monitoring biodiversity for human, animal, and environmental health\n\nauthors:\n  - name: Francis Banville\n    affiliation: Département de sciences biologiques, Université de Montréal \n    roles: []\n    corresponding: true\n    email: francis.banville@umontreal.ca\n    orcid: 0000-0001-9051-0597\n  - name: Colin Carlson\n    affiliation: Yale School of Public Health, Yale University    \n    roles: []\n    corresponding: false\n    orcid: 0000-0001-6960-8434\n  - name: Andrea Paz Velez \n    affiliation: Département de sciences biologiques, Université de Montréal\n    roles: []\n    corresponding: false\n    orcid: 0000-0001-6484-1210\n  - name: Timothée Poisot\n    affiliation: Département de sciences biologiques, Université de Montréal\n    roles: []\n    corresponding: false\n    orcid: 0000-0002-0735-5184\n\nkeywords:\n  - biodiversity indicators\n  - One Health\n  \nabstract: |\n  TBD.\n\nplain-language-summary: |\n  TBD.\n\nkey-points:\n  TBD.\n\ndate: last-modified\npublished-title: Date\n\ncitation:\n  container-title: Earth and Space Science\n\nnumber-sections: true\n\nbibliography: references.bib\n---\n\n## Section\n\nThis is a simple placeholder for the manuscript's main document [@knuth84]. Test 5\n\n\n::: {.cell .hidden}\n\n```{.r .cell-code .hidden}\n1+1+1\n```\n\n::: {.cell-output .cell-output-stdout}\n\n```\n[1] 3\n```\n\n\n:::\n:::\n\n\n![Map of La Palma](images/la-palma-map.png){#fig-map}\n\n{{< embed notebooks/01_analysis.qmd#x >}}\n",
    "supporting": [
      "index_files"
    ],
    "filters": [
      "rmarkdown/pagebreak.lua"
    ],
    "includes": {},
    "engineDependencies": {},
    "preserve": {},
    "postProcess": true
  }
}